,description,img_url,link,price_today,page_number,price_before
0,"Apple MacBook Pro (13 pulgadas, 2020, Chip M1, 256 GB de SSD, 8 GB de RAM) - Gris espacial",https://http2.mlstatic.com/D_NQ_NP_729539-MLA48625650344_122021-V.jpg,https://www.mercadolibre.com.co/apple-macbook-pro-13-pulgadas-2020-chip-m1-256-gb-de-ssd-8-gb-de-ram-gris-espacial/p/MCO17828328?pdp_filters=category:MCO1652#searchVariation=MCO17828328&position=1&search_layout=stack&type=product&tracking_id=e30133f6-210c-49de-bafb-93e0138d89ed,5749900.0,1,
1,"MacBook Air M1 2020 gris espacial 13.3"", Apple M1  8GB de RAM 256GB SSD, Apple M1 8-Core GPU 60 Hz 2560x1600px macOS",https://http2.mlstatic.com/D_NQ_NP_614885-MLA49588273946_042022-V.jpg,https://www.mercadolibre.com.co/macbook-air-m1-2020-gris-espacial-133-apple-m1-8gb-de-ram-256gb-ssd-apple-m1-8-core-gpu-60-hz-2560x1600px-macos/p/MCO18721006?pdp_filters=category:MCO1652#searchVariation=MCO18721006&position=2&search_layout=stack&type=product&tracking_id=e30133f6-210c-49de-bafb-93e0138d89ed,4849000.0,1,
2,Macbook Pro 16 16gb 1tb M1 Pro,https://http2.mlstatic.com/D_NQ_NP_674554-MCO49296608433_032022-V.jpg,https://articulo.mercadolibre.com.co/MCO-866779268-macbook-pro-16-16gb-1tb-m1-pro-_JM?searchVariation=174274308129#searchVariation=174274308129&position=5&search_layout=stack&type=item&tracking_id=e30133f6-210c-49de-bafb-93e0138d89ed,13499900.0,1,
3,Apple Macbook Pro 2022 13.3 Chip M2 8gb 256gb,https://http2.mlstatic.com/D_NQ_NP_768774-MCO50699515955_072022-V.jpg,https://articulo.mercadolibre.com.co/MCO-924082057-apple-macbook-pro-2022-133-chip-m2-8gb-256gb-_JM?searchVariation=174802502386#searchVariation=174802502386&position=6&search_layout=stack&type=item&tracking_id=e30133f6-210c-49de-bafb-93e0138d89ed,6549900.0,1,
4,Nuevo Macbook Pro 2021 - 14 Pulgadas- 16 Gb Ram / 14 Nucleos,https://http2.mlstatic.com/D_NQ_NP_825932-MCO48865338147_012022-V.jpg,https://articulo.mercadolibre.com.co/MCO-870111837-nuevo-macbook-pro-2021-14-pulgadas-16-gb-ram-14-nucleos-_JM?searchVariation=174302953730#searchVariation=174302953730&position=7&search_layout=stack&type=item&tracking_id=e30133f6-210c-49de-bafb-93e0138d89ed,12399000.0,1,
5,Nuevo Macbook Pro 2021 - 16 Pulgadas- 16 Gb Ram / 16 Nucleos,https://http2.mlstatic.com/D_NQ_NP_908505-MCO49140453052_022022-V.jpg,https://articulo.mercadolibre.com.co/MCO-829036279-nuevo-macbook-pro-2021-16-pulgadas-16-gb-ram-16-nucleos-_JM?searchVariation=173883011361#searchVariation=173883011361&position=8&search_layout=stack&type=item&tracking_id=e30133f6-210c-49de-bafb-93e0138d89ed,13900000.0,1,
6,Macbook Pro 14 Pulgadas 2021 16gb Ram 14 Nucleos,https://http2.mlstatic.com/D_NQ_NP_614851-MCO52066421758_102022-V.jpg,https://articulo.mercadolibre.com.co/MCO-1010384391-macbook-pro-14-pulgadas-2021-16gb-ram-14-nucleos-_JM?searchVariation=175551145588#searchVariation=175551145588&position=9&search_layout=stack&type=item&tracking_id=e30133f6-210c-49de-bafb-93e0138d89ed,9500000.0,1,
7,Apple Macbook Pro 16 16gb 512gb Chip M1 Pro,https://http2.mlstatic.com/D_NQ_NP_812584-MCO49296634611_032022-V.jpg,https://articulo.mercadolibre.com.co/MCO-867189947-apple-macbook-pro-16-16gb-512gb-chip-m1-pro-_JM?searchVariation=174279588438#searchVariation=174279588438&position=10&search_layout=stack&type=item&tracking_id=e30133f6-210c-49de-bafb-93e0138d89ed,13200000.0,1,
8,Macbook Pro 14 M1pro 16gb 512gb,https://http2.mlstatic.com/D_NQ_NP_753105-MCO49852549151_052022-V.jpg,https://articulo.mercadolibre.com.co/MCO-889547831-macbook-pro-14-m1pro-16gb-512gb-_JM?searchVariation=174472872803#searchVariation=174472872803&position=11&search_layout=stack&type=item&tracking_id=e30133f6-210c-49de-bafb-93e0138d89ed,11900000.0,1,
9,Apple Macbook Pro 2021 16  Chip M1 Pro 16gb Ram 512gb 16 Gpu,https://http2.mlstatic.com/D_NQ_NP_773705-MCO48495418022_122021-V.jpg,https://articulo.mercadolibre.com.co/MCO-840778827-apple-macbook-pro-2021-16-chip-m1-pro-16gb-ram-512gb-16-gpu-_JM?searchVariation=173996959914#searchVariation=173996959914&position=12&search_layout=stack&type=item&tracking_id=e30133f6-210c-49de-bafb-93e0138d89ed,13999990.0,1,
10,Nueva Macbook Pro 2021  14 Pul 16gb Ram 1tb / Teclado Inglés,https://http2.mlstatic.com/D_NQ_NP_908198-MCO49296615024_032022-V.jpg,https://articulo.mercadolibre.com.co/MCO-858053679-nueva-macbook-pro-2021-14-pul-16gb-ram-1tb-teclado-ingles-_JM?searchVariation=174189803507#searchVariation=174189803507&position=13&search_layout=stack&type=item&tracking_id=e30133f6-210c-49de-bafb-93e0138d89ed,12499900.0,1,
11,Apple Macbook Pro 14 Chip M1 Pro 16gb 1tb Space Gray,https://http2.mlstatic.com/D_NQ_NP_918220-MCO50775602259_072022-V.jpg,https://articulo.mercadolibre.com.co/MCO-927495842-apple-macbook-pro-14-chip-m1-pro-16gb-1tb-space-gray-_JM?searchVariation=174839268272#searchVariation=174839268272&position=14&search_layout=stack&type=item&tracking_id=e30133f6-210c-49de-bafb-93e0138d89ed,12999900.0,1,
12,Apple Macbook Pro 2022 13.3 Chip M2 256gb 8 Ram,https://http2.mlstatic.com/D_NQ_NP_840129-MCO51459405662_092022-V.jpg,https://articulo.mercadolibre.com.co/MCO-957681192-apple-macbook-pro-2022-133-chip-m2-256gb-8-ram-_JM?searchVariation=175207710964#searchVariation=175207710964&position=15&search_layout=stack&type=item&tracking_id=e30133f6-210c-49de-bafb-93e0138d89ed,6579000.0,1,7656900.0
13,Flex Cable De Disco Duro Macboock Pro A1278,https://http2.mlstatic.com/D_NQ_NP_753430-MCO40599465444_012020-V.jpg,https://articulo.mercadolibre.com.co/MCO-452443588-flex-cable-de-disco-duro-macboock-pro-a1278-_JM#position=16&search_layout=stack&type=item&tracking_id=e30133f6-210c-49de-bafb-93e0138d89ed,37000.0,1,
14,Flex Cable De Disco Duro Macbock Pro A1278 Core I5 - I7 2012,https://http2.mlstatic.com/D_NQ_NP_920776-MCO31030271368_062019-V.jpg,https://articulo.mercadolibre.com.co/MCO-453384770-flex-cable-de-disco-duro-macbock-pro-a1278-core-i5-i7-2012-_JM?searchVariation=73945341423#searchVariation=73945341423&position=17&search_layout=stack&type=item&tracking_id=e30133f6-210c-49de-bafb-93e0138d89ed,47300.0,1,55000.0
15,Macbook Pro 16 Pulgadas Core I9 16gb Ram 1tb Ssd,https://http2.mlstatic.com/D_NQ_NP_738755-MCO44192490124_112020-V.jpg,https://articulo.mercadolibre.com.co/MCO-596209132-macbook-pro-16-pulgadas-core-i9-16gb-ram-1tb-ssd-_JM?searchVariation=73162352178#searchVariation=73162352178&position=18&search_layout=stack&type=item&tracking_id=e30133f6-210c-49de-bafb-93e0138d89ed,11500000.0,1,
16,Apple Macbook Pro 2022 13.3 Chip M2 8gb 512gb Space Gray ,https://http2.mlstatic.com/D_NQ_NP_918324-MCO50699781376_072022-V.jpg,https://articulo.mercadolibre.com.co/MCO-923970461-apple-macbook-pro-2022-133-chip-m2-8gb-512gb-space-gray-_JM?searchVariation=174802477814#searchVariation=174802477814&position=21&search_layout=stack&type=item&tracking_id=e30133f6-210c-49de-bafb-93e0138d89ed,7549900.0,1,
17,Cable Flex App Board Macbook Pro Retina 13'' A1502 2013-2015,https://http2.mlstatic.com/D_NQ_NP_826462-MCO31535579256_072019-V.jpg,https://articulo.mercadolibre.com.co/MCO-452295207-cable-flex-app-board-macbook-pro-retina-13-a1502-2013-2015-_JM#position=22&search_layout=stack&type=item&tracking_id=e30133f6-210c-49de-bafb-93e0138d89ed,120000.0,1,
18,Nuevo Macbook Pro 2021 - 14 Pulgadas 16 Gb Ram 1tb,https://http2.mlstatic.com/D_NQ_NP_890708-MCO49565668590_042022-V.jpg,https://click1.mercadolibre.com.co/mclics/clicks/external/MCO/count?a=vvbbMyN1IhgDKIa%2BT66XF%2By0z%2BLScad%2BHSAUPkdPWb1mxWfPIjoJXGBR6bYPXeEL4RWOq6L7bRViT4wgPrAK5c6b6iBAs4qBajGrr2yxtasgynU9a4W9Ky0pMYIk8b2BTB32Ut%2FY76mnrgiu%2BMXywh%2B43RUY4BZReyLEAD%2FomRigW1Xj3W5ujnF8gEI4t8Nwcfy1OJVlPucgD3kARsI1HZIccwMH54Y%2B96vRFKyqXJDJ6ZahRSiRWvAqV8I4WmijptN5H1WfBNlDOe07bKn4mkTUUiqF41iXtpLra2psF64sy%2FLVBVvNOCgR3ygXOYg3tB1DpSEZf6pOwU9USKB%2BOxCkrDz9JfOCuUpoWtSKSikQbBjht6wlLFUtOG7UeEuhip%2F8MZPGmRe7aSqYpWdwCA0vljBKU3di3VnpPcleIIeEWvLR%2Fi1NKeCWfEiWd719gmU3WG%2Fxk1Wx0w8qm3g9BD6gHh8%2BGBTEkoOahHgk%2BmEij0mTKFH4DrvrsQdWGgiiWjYg7GlgNmFcKjXOLT8HmT%2FpAXG1fk68vNR%2Fiqp6PU%2FPSJS9DJc7I0Tr%2Fnv6Qy9SUTxDEaK7NY6MtMI%2B%2Fxt%2BEFJ0j5zSyevgGffWE9t9fXckUq69l%2BpH7GXo5TpXr8i99nBat2bO%2FIJFmTNRrnl6w46Atp4XfL049lFn1vCKjCwhQ0Cak%2Bk7&rb=x,13069000.0,1,
19,Nuevo Macbook Pro 2021 - 16 Pulgadas 16gb Ram 512ssd Español,https://http2.mlstatic.com/D_NQ_NP_902526-MCO50925322701_072022-V.jpg,https://click1.mercadolibre.com.co/mclics/clicks/external/MCO/count?a=RjQXOV7C0lJ83eX20R4%2FJ0XBBM7cFWBkU4hFGmT%2FJzXN29yTCo8JB2MnbCp2Xafq3GjiZYP10i860MTUHf%2FsVbT7w38ukMoA6jcVQ3MyX8gwNB%2BPvXVrPvKLzfiHEUvz%2BwffpGM2sOdWD4PhMe%2BFROl0b4hzQMRjEZZQKAbQUTgKCznXMskN1CY2XQDDreUijo0Yf4PNlC3iskawj4uEhghqg2USep6DEuQ4OjgtWEL6wHL4fjKdua2PfqXJDA0stYRAhAst%2FdRLLGNNyomxZVSv7E0kuoSJT7e80uznIZiVL1p8KDurcRTOdgPZQNbxiBu5SzjE%2BoQZ7y3vCtXaUD2cropPeKoUBxfCxQPsx3FGCUBsx7ZoQfbWqV2Qf0%2BtwnUnG2c%2BdZu0t2Wn%2Bt0P1wTsN8%2FYUcfhKoKigzULV%2By0SVxjCLalYG%2FQkWXNl6fD%2F0jzUVTckuPCzwNHvw9lNelctMd0rH%2FUU1pp7RqTCG2P6Jrq0Xk1wW8gTVuCVBmzNcZOQs8ysT4jHDq%2BSlqKK%2BFzKzy4jWa%2BcELYz5Q2wYsu4CbclaSuY2qZwEkmhBnItPcyn4Ksi2OVyJ1L5anEqT1YGn7rtCWFCha3WjMMrKyRAcXHQYKllpEwnx%2BcuZandpI2FqZgTBw34Qcvx0PFgKWgbmVufUux%2BIxHeYcN2d84PhmIQcBNmmq63WNx8J2D&rb=x,13899000.0,1,
20,Apple Macbook Pro - 13.3 Retina - Core I5 - 8gb - 256gb Ssd,https://http2.mlstatic.com/D_NQ_NP_983925-MCO43940596626_102020-V.jpg,https://articulo.mercadolibre.com.co/MCO-536710833-apple-macbook-pro-133-retina-core-i5-8gb-256gb-ssd-_JM?searchVariation=44392761735#searchVariation=44392761735&position=23&search_layout=stack&type=item&tracking_id=e30133f6-210c-49de-bafb-93e0138d89ed,6780000.0,1,
21,Macbook Pro 16 M1 Max Cpu 10c Gpu 32c 1tb 32gb Gris Espacial,https://http2.mlstatic.com/D_NQ_NP_745815-MCO50990796683_082022-V.jpg,https://articulo.mercadolibre.com.co/MCO-939264300-macbook-pro-16-m1-max-cpu-10c-gpu-32c-1tb-32gb-gris-espacial-_JM?searchVariation=174970233317#searchVariation=174970233317&position=24&search_layout=stack&type=item&tracking_id=e30133f6-210c-49de-bafb-93e0138d89ed,18571455.0,1,19548900.0
22,Apple Macbook Pro Chip M2 13 2022 8gb Ram / 256gb Ssd,https://http2.mlstatic.com/D_NQ_NP_623936-MCO51111518018_082022-V.jpg,https://articulo.mercadolibre.com.co/MCO-943026375-apple-macbook-pro-chip-m2-13-2022-8gb-ram-256gb-ssd-_JM?searchVariation=175016119244#searchVariation=175016119244&position=25&search_layout=stack&type=item&tracking_id=e30133f6-210c-49de-bafb-93e0138d89ed,6999000.0,1,
23,Macbook Pro De 14 pulgadas: Chip M1 Pro De Apple Con 1tb Ssd,https://http2.mlstatic.com/D_NQ_NP_677298-MCO46984045544_082021-V.jpg,https://articulo.mercadolibre.com.co/MCO-653059115-macbook-pro-de14pulgadas-chip-m1-pro-de-apple-con-1tb-ssd-_JM?searchVariation=93212185804#searchVariation=93212185804&position=26&search_layout=stack&type=item&tracking_id=e30133f6-210c-49de-bafb-93e0138d89ed,14900000.0,1,
24,Macbook Pro 2021 Chip M1 Pro 16gb 512gb Ssd 14 Gris Espacial,https://http2.mlstatic.com/D_NQ_NP_680813-MCO49378912573_032022-V.jpg,https://articulo.mercadolibre.com.co/MCO-871107327-macbook-pro-2021-chip-m1-pro-16gb-512gb-ssd-14-gris-espacial-_JM?searchVariation=174310161845#searchVariation=174310161845&position=27&search_layout=stack&type=item&tracking_id=e30133f6-210c-49de-bafb-93e0138d89ed,10190000.0,1,
25,"Apple MacBook Pro (13 pulgadas, 2020, Chip M1, 256 GB de SSD, 8 GB de RAM) - Plata",https://http2.mlstatic.com/D_NQ_NP_972708-MLA48625563979_122021-V.jpg,https://www.mercadolibre.com.co/apple-macbook-pro-13-pulgadas-2020-chip-m1-256-gb-de-ssd-8-gb-de-ram-plata/p/MCO17828330?pdp_filters=category:MCO1652#searchVariation=MCO17828330&position=3&search_layout=stack&type=product&tracking_id=e30133f6-210c-49de-bafb-93e0138d89ed,5655110.0,1,
26,Nuevo Macbook Pro 2021 16 Pulgadas- 16 Gb Ram 1tb - Español,https://http2.mlstatic.com/D_NQ_NP_722928-MCO49296476176_032022-V.jpg,https://articulo.mercadolibre.com.co/MCO-867137798-nuevo-macbook-pro-2021-16-pulgadas-16-gb-ram-1tb-espanol-_JM?searchVariation=174279494819#searchVariation=174279494819&position=28&search_layout=stack&type=item&tracking_id=e30133f6-210c-49de-bafb-93e0138d89ed,13799800.0,1,
27,"Macbook Pro 13 Inch 2020 Core I5 1.4 Ghz, 8gb Ram 256gb Ssd",https://http2.mlstatic.com/D_NQ_NP_913171-MCO48964095341_012022-V.jpg,https://articulo.mercadolibre.com.co/MCO-854163131-macbook-pro-13-inch-2020-core-i5-14-ghz-8gb-ram-256gb-ssd-_JM?searchVariation=174143173356#searchVariation=174143173356&position=29&search_layout=stack&type=item&tracking_id=e30133f6-210c-49de-bafb-93e0138d89ed,5699000.0,1,
28,"Apple Macbook Pro 2021 16,2  M1 Max 10 Core 32-cpu 64gb 2tb ",https://http2.mlstatic.com/D_NQ_NP_610926-MCO51092036798_082022-V.jpg,https://articulo.mercadolibre.com.co/MCO-942139808-apple-macbook-pro-2021-162-m1-max-10-core-32-cpu-64gb-2tb-_JM?searchVariation=175007104079#searchVariation=175007104079&position=30&search_layout=stack&type=item&tracking_id=e30133f6-210c-49de-bafb-93e0138d89ed,44032500.0,1,46350000.0
29,Apple 2022 Macbook Pro M2 8gb 512gb Space Gray ,https://http2.mlstatic.com/D_NQ_NP_969974-MCO50696065807_072022-V.jpg,https://articulo.mercadolibre.com.co/MCO-923952449-apple-2022-macbook-pro-m2-8gb-512gb-space-gray-_JM?searchVariation=174801503267#searchVariation=174801503267&position=31&search_layout=stack&type=item&tracking_id=e30133f6-210c-49de-bafb-93e0138d89ed,8499990.0,1,
30,Macbook Pro 14  2021 M1 Pro 16 Gb 1tb Ssd + Combo Protector,https://http2.mlstatic.com/D_NQ_NP_850990-MCO50787484171_072022-V.jpg,https://articulo.mercadolibre.com.co/MCO-905536946-macbook-pro-14-2021-m1-pro-16-gb-1tb-ssd-combo-protector-_JM?searchVariation=174618552547#searchVariation=174618552547&position=32&search_layout=stack&type=item&tracking_id=e30133f6-210c-49de-bafb-93e0138d89ed,12329910.0,1,13699900.0
31,Macbook Pro A 13.3  Core I5 8ram 256ssd Touchbar Esta 10/10 ,https://http2.mlstatic.com/D_NQ_NP_773365-MCO51754736375_092022-V.jpg,https://articulo.mercadolibre.com.co/MCO-974816461-macbook-pro-a-133-core-i5-8ram-256ssd-touchbar-esta-1010-_JM?searchVariation=175374422375#searchVariation=175374422375&position=33&search_layout=stack&type=item&tracking_id=e30133f6-210c-49de-bafb-93e0138d89ed,4599000.0,1,
32,"MacBook Air M2 2022 midnight 13.6"", Apple M2  8GB de RAM 256GB SSD, Apple M2 8-Core GPU 2560x1664px macOS",https://http2.mlstatic.com/D_NQ_NP_708839-MLA51356236557_082022-V.jpg,https://www.mercadolibre.com.co/macbook-air-m2-2022-midnight-136-apple-m2-8gb-de-ram-256gb-ssd-apple-m2-8-core-gpu-2560x1664px-macos/p/MCO19563442?pdp_filters=category:MCO1652#searchVariation=MCO19563442&position=4&search_layout=stack&type=product&tracking_id=e30133f6-210c-49de-bafb-93e0138d89ed,6399000.0,1,
33,Nuevo Macbook Pro 2021 - 14 Pulgadas- 16 Gb Ram / 14 Nucleos,https://http2.mlstatic.com/D_NQ_NP_720837-MCO49296622632_032022-V.jpg,https://articulo.mercadolibre.com.co/MCO-867183545-nuevo-macbook-pro-2021-14-pulgadas-16-gb-ram-14-nucleos-_JM?searchVariation=174279582647#searchVariation=174279582647&position=34&search_layout=stack&type=item&tracking_id=e30133f6-210c-49de-bafb-93e0138d89ed,12549900.0,1,
34,Apple Macbook Pro 2021 16  Chip M1 Pro 16gb Ram 1tb,https://http2.mlstatic.com/D_NQ_NP_780129-MCO50161525876_062022-V.jpg,https://articulo.mercadolibre.com.co/MCO-902028721-apple-macbook-pro-2021-16-chip-m1-pro-16gb-ram-1tb-_JM?searchVariation=174591079634#searchVariation=174591079634&position=35&search_layout=stack&type=item&tracking_id=e30133f6-210c-49de-bafb-93e0138d89ed,14999990.0,1,
35,Nuevo Macbook Pro 2021 - 16 Pulgadas 16gb Ram 512ssd Español,https://http2.mlstatic.com/D_NQ_NP_902526-MCO50925322701_072022-V.jpg,https://articulo.mercadolibre.com.co/MCO-934227239-nuevo-macbook-pro-2021-16-pulgadas-16gb-ram-512ssd-espanol-_JM?searchVariation=174916337513#searchVariation=174916337513&position=36&search_layout=stack&type=item&tracking_id=e30133f6-210c-49de-bafb-93e0138d89ed,13899000.0,1,
36,Macbook Pro 16  Chip M1 Pro 512gb - Gris Espacial,https://http2.mlstatic.com/D_NQ_NP_744295-MCO52253461227_112022-V.jpg,https://articulo.mercadolibre.com.co/MCO-1035919177-macbook-pro-16-chip-m1-pro-512gb-gris-espacial-_JM#position=37&search_layout=stack&type=item&tracking_id=e30133f6-210c-49de-bafb-93e0138d89ed,11962000.0,1,
37,Nuevo Macbook Pro 2021 - 14 Pulgadas 16 Gb Ram 1tb,https://http2.mlstatic.com/D_NQ_NP_890708-MCO49565668590_042022-V.jpg,https://articulo.mercadolibre.com.co/MCO-877840200-nuevo-macbook-pro-2021-14-pulgadas-16-gb-ram-1tb-_JM?searchVariation=174373515366#searchVariation=174373515366&position=38&search_layout=stack&type=item&tracking_id=e30133f6-210c-49de-bafb-93e0138d89ed,13069000.0,1,
38,"[como Nuevo] Macbook Pro 2013 13  Ci7, 8gb Ram, 256 Ssd",https://http2.mlstatic.com/D_NQ_NP_874518-MCO46536324353_062021-V.jpg,https://articulo.mercadolibre.com.co/MCO-640218854-como-nuevo-macbook-pro-2013-13-ci7-8gb-ram-256-ssd-_JM?searchVariation=174639148413#searchVariation=174639148413&position=39&search_layout=stack&type=item&tracking_id=e30133f6-210c-49de-bafb-93e0138d89ed,2999000.0,1,
39,Apple Macbook Pro 16  2019 Core I9 16gb Ram 1tb Ssd Tv 4gb ,https://http2.mlstatic.com/D_NQ_NP_653044-MLA48708052724_122021-V.jpg,https://articulo.mercadolibre.com.co/MCO-905085249-apple-macbook-pro-16-2019-core-i9-16gb-ram-1tb-ssd-tv-4gb-_JM?searchVariation=174613451534#searchVariation=174613451534&position=40&search_layout=stack&type=item&tracking_id=e30133f6-210c-49de-bafb-93e0138d89ed,11790000.0,1,
40,Apple Macbook Pro 2022 13.3 Pulgadas Chip M2 8gb 256gb,https://http2.mlstatic.com/D_NQ_NP_710538-MCO51178741066_082022-V.jpg,https://articulo.mercadolibre.com.co/MCO-945492952-apple-macbook-pro-2022-133-pulgadas-chip-m2-8gb-256gb-_JM?searchVariation=175059249852#searchVariation=175059249852&position=41&search_layout=stack&type=item&tracking_id=e30133f6-210c-49de-bafb-93e0138d89ed,6999990.0,1,
41,Macbook Pro 16 2021 M1 Pro 10 Core 16gb 512gb A2485 Español,https://http2.mlstatic.com/D_NQ_NP_744959-MCO48385223921_112021-V.jpg,https://articulo.mercadolibre.com.co/MCO-837894077-macbook-pro-16-2021-m1-pro-10-core-16gb-512gb-a2485-espanol-_JM?searchVariation=173964697097#searchVariation=173964697097&position=42&search_layout=stack&type=item&tracking_id=e30133f6-210c-49de-bafb-93e0138d89ed,13984855.0,1,14720900.0
42,Macbook Pro 16-2021 M1 Pro 16gb - 512gb Plateado Original,https://http2.mlstatic.com/D_NQ_NP_732503-MCO50171415504_062022-V.jpg,https://articulo.mercadolibre.com.co/MCO-902303094-macbook-pro-16-2021-m1-pro-16gb-512gb-plateado-original-_JM?searchVariation=174595218694#searchVariation=174595218694&position=43&search_layout=stack&type=item&tracking_id=e30133f6-210c-49de-bafb-93e0138d89ed,14720900.0,1,
43,Macbook Pro 16  Mk183e/a Chip M1 Pro 10 Core 16gb 512gb Esp,https://http2.mlstatic.com/D_NQ_NP_744959-MCO48385223921_112021-V.jpg,https://articulo.mercadolibre.com.co/MCO-837888358-macbook-pro-16-mk183ea-chip-m1-pro-10-core-16gb-512gb-esp-_JM?searchVariation=173964708344#searchVariation=173964708344&position=44&search_layout=stack&type=item&tracking_id=e30133f6-210c-49de-bafb-93e0138d89ed,14073900.0,1,
44,Combo Portatil Base Refrigenrante Funda Antigolpes Membrana,https://http2.mlstatic.com/D_NQ_NP_707358-MCO45586864586_042021-V.jpg,https://articulo.mercadolibre.com.co/MCO-616248259-combo-portatil-base-refrigenrante-funda-antigolpes-membrana-_JM?searchVariation=81510879669#searchVariation=81510879669&position=45&search_layout=stack&type=item&tracking_id=e30133f6-210c-49de-bafb-93e0138d89ed,140000.0,1,
45,Macbook Pro 16 Pulgadas M1 Pro 10 Core 16gb 512gb A2485 ,https://http2.mlstatic.com/D_NQ_NP_744959-MCO48385223921_112021-V.jpg,https://articulo.mercadolibre.com.co/MCO-842398038-macbook-pro-16-pulgadas-m1-pro-10-core-16gb-512gb-a2485-_JM?searchVariation=174012992976#searchVariation=174012992976&position=46&search_layout=stack&type=item&tracking_id=e30133f6-210c-49de-bafb-93e0138d89ed,13570900.0,1,
46,Cargador Para Macbook Pro Magsafe 1 45w 60w 85w Macbook Air,https://http2.mlstatic.com/D_NQ_NP_711046-MCO31066472426_062019-V.jpg,https://articulo.mercadolibre.com.co/MCO-488471774-cargador-para-macbook-pro-magsafe-1-45w-60w-85w-macbook-air-_JM?searchVariation=68108434759#searchVariation=68108434759&position=47&search_layout=stack&type=item&tracking_id=e30133f6-210c-49de-bafb-93e0138d89ed,120000.0,1,
47,Macbook Pro 14  2021 M1 Pro 16gb 512gb A2242 Español Nuevo,https://http2.mlstatic.com/D_NQ_NP_744959-MCO48385223921_112021-V.jpg,https://articulo.mercadolibre.com.co/MCO-853422116-macbook-pro-14-2021-m1-pro-16gb-512gb-a2242-espanol-nuevo-_JM?searchVariation=174136584833#searchVariation=174136584833&position=48&search_layout=stack&type=item&tracking_id=e30133f6-210c-49de-bafb-93e0138d89ed,11999900.0,1,
48,Apple Macbook Pro 16 16gb 512gb Chip M1 Pro Silver,https://http2.mlstatic.com/D_NQ_NP_707244-MCO51112395607_082022-V.jpg,https://articulo.mercadolibre.com.co/MCO-943107110-apple-macbook-pro-16-16gb-512gb-chip-m1-pro-silver-_JM?searchVariation=175016468787#searchVariation=175016468787&position=49&search_layout=stack&type=item&tracking_id=e30133f6-210c-49de-bafb-93e0138d89ed,13200000.0,1,
49,Macbook Pro 13 Con Chip M2 (2022) 256gb - Gris Espacial,https://http2.mlstatic.com/D_NQ_NP_932879-MCO52282004867_112022-V.jpg,https://articulo.mercadolibre.com.co/MCO-1039144352-macbook-pro-13-con-chip-m2-2022-256gb-gris-espacial-_JM#position=50&search_layout=stack&type=item&tracking_id=e30133f6-210c-49de-bafb-93e0138d89ed,6579000.0,1,
50,Apple 2022 Macbook Pro M2 8gb 256gb Space Gray,https://http2.mlstatic.com/D_NQ_NP_969974-MCO50696065807_072022-V.jpg,https://articulo.mercadolibre.com.co/MCO-923964743-apple-2022-macbook-pro-m2-8gb-256gb-space-gray-_JM?searchVariation=174801489158#searchVariation=174801489158&position=51&search_layout=stack&type=item&tracking_id=e30133f6-210c-49de-bafb-93e0138d89ed,7499990.0,1,
51,Apple Macbook Pro 13  Touch Bar 2020 M1 Chip 8gb 512gb ,https://http2.mlstatic.com/D_NQ_NP_616796-MCO44189456875_112020-V.jpg,https://articulo.mercadolibre.com.co/MCO-608025603-apple-macbook-pro-13-touch-bar-2020-m1-chip-8gb-512gb-_JM?searchVariation=76406401814#searchVariation=76406401814&position=52&search_layout=stack&type=item&tracking_id=e30133f6-210c-49de-bafb-93e0138d89ed,6890000.0,1,
52,Nuevo Macbook Pro 2021 - 16 Pulgadas 16gb Ram 512ssd Español,https://http2.mlstatic.com/D_NQ_NP_902526-MCO50925322701_072022-V.jpg,https://click1.mercadolibre.com.co/mclics/clicks/external/MCO/count?a=ptynDFKOY3Bg%2BVph8rhGL%2Bq3a1y2%2FpwSz9WLMTrYu4SaV3M9tKTmuVM%2FdeZGvN4Z3Ut7v2ENPM49eJHAyjVKGoo2K7if8EWcwrvLqB5FDuATd%2Bz6cDHmKkzWCN0A3B4HxOX44YJvx6UVopqG8qfEGX6VYyEiWjhWtFJfAVDwB0QNgLqOvrPVm7XQApC21X%2B9kZsEvEkcHTudajQ3SQNcl53CV%2FfO9XNBxrb%2ByH9Rc6JqRyZagcPx%2F02fgbqdJxYq7NZvHDeIK6MaAmjWAy5vJnaQ%2FZcLoYJHgq%2FQo5hPGuYwsaG4KoXzdg%2FQiSlDVIWBz8fCkoIJ5YwPIe%2BZWqocTabBaKbdL9MPJ4%2BWclTPdcHRaFjdzkYSNzKzwePPoPfaUmTdyahoTOwDlw6G1lyufCabj8RblyqbGjFr2WVg3g7bxTny0iaWV1K0InzRUS0UKlNRZQAK4en1v9FVG%2Fv7nS6YWuSz%2FiFCQ1vVkoG1rfbKKKTT2NmlGEV69QgbSzl67vgDmbtPXxBf9Y8Oos%2BTUa4ohfDrFqGSQ1FUdtNA0QI8AeJTCPt6BjTMeA2AN0Sh37AqrD4pMcv%2F3u8ue7USNwFogH0wDwSLaEvlSqvtqazyWQyEclRFcIkVAOzVEYPk8SkeK5g%2BYUE0MYI%2FVJw1Y02c2eTOTTYW6vXqyy09yIba2b4CiNUDi%2Fcq18j5IP%2FBrpQTKZvrig%3D%3D&rb=x,13899000.0,2,
53,Nuevo Macbook Pro 2021 - 16 Pulgadas- 16 Gb Ram / 16 Nucleos,https://http2.mlstatic.com/D_NQ_NP_768777-MCO49532600961_032022-V.jpg,https://click1.mercadolibre.com.co/mclics/clicks/external/MCO/count?a=QBqxAG9N5KoV1fs9ynVXdwqPejapl5AGj6KEaUf8M0wo32pOVkIY6AudknJDi35TPYknzCQqJeiUhDNxQfLKTKgf1HKiGiJivac9%2BQxGsKmOaA9%2BiivR1yXpuIz854DZLGbORZzEhyY7zDBQG%2FmDc8g04FaRbQkDn%2BmWcU5x%2F44ndUui8t6Z34gD7XIdPvMye4yVBntyYdb0%2FnrXMqy0cgQNe2PqH5wZlXuEo%2Fvt6Pix4dLrGOXO5r7bQhzXewALBumqi6%2Fy4p8mDfAAG5EdPnKt6H9eZLiUFuFU90NL1lYdleoG73y6waVKnwItzuos7vRKdzxfN5Aj0ZmX9JB%2B07fGBL7GPp0E%2BdMvvevxHLgvA4eDYjEM3%2FaVaDae%2FLv72qVFL7J8y4NCYh7F1JQYByu9vs6%2FbQaxstcuR1u8oNUaNUvMUIwSTJEhT7qbOO7hcrx%2FfUACFZK3cxt79Xg06vZ8L97gJNzF1QFgEdASZ6YAxLgbEYYO8OGXZqjDjBm4I7jyjh9F%2B4wsXVTB76rE7eCeHbso0ea3zMtHSVRzycgiqayeclsdBuXZATQmM7wqO6rG7us10DnG3k%2FZ4iq8InetqWIqR802Jsfadt25PnJ4VKZRY0xV8oAZ2Rs9G48%2BZQSKuIbl%2BNljlCXvb9Is9CX8022XnF6t8%2Bmvu2A51sh9nUkbyUHpvgLAEMFXblYbEk4%3D&rb=x,13949000.0,2,
54,Macbook Pro 14  Chip M1 Pro 512gb - Gris Espacial,https://http2.mlstatic.com/D_NQ_NP_829160-MCO52266309818_112022-V.jpg,https://articulo.mercadolibre.com.co/MCO-1036953358-macbook-pro-14-chip-m1-pro-512gb-gris-espacial-_JM#position=3&search_layout=stack&type=item&tracking_id=a1e4e12f-e357-47d6-815b-2e63e6299fe7,9845000.0,2,
55,Macbook Pro 2021 14.2 16 Gb 512gb M1 Pro 8 Core 14 Core Gpu ,https://http2.mlstatic.com/D_NQ_NP_889928-MCO49010886044_022022-V.jpg,https://articulo.mercadolibre.com.co/MCO-855256154-macbook-pro-2021-142-16-gb-512gb-m1-pro-8-core-14-core-gpu-_JM?searchVariation=174161584054#searchVariation=174161584054&position=4&search_layout=stack&type=item&tracking_id=a1e4e12f-e357-47d6-815b-2e63e6299fe7,10390000.0,2,
56,Macbook Pro Mgxx2ll - Core I7 - 16gb Ram - 512gb Ssd (2014),https://http2.mlstatic.com/D_NQ_NP_904966-MCO51955754075_102022-V.jpg,https://articulo.mercadolibre.com.co/MCO-991873143-macbook-pro-mgxx2ll-core-i7-16gb-ram-512gb-ssd-2014-_JM?searchVariation=175485016956#searchVariation=175485016956&position=5&search_layout=stack&type=item&tracking_id=a1e4e12f-e357-47d6-815b-2e63e6299fe7,2499000.0,2,
57,"Macbook Pro 13,3  M1-256gb Ssd, 8gbram Gris Espacial Orignal",https://http2.mlstatic.com/D_NQ_NP_729539-MLA48625650344_122021-V.jpg,https://articulo.mercadolibre.com.co/MCO-901895226-macbook-pro-133-m1-256gb-ssd-8gbram-gris-espacial-orignal-_JM?searchVariation=174590634958#searchVariation=174590634958&position=6&search_layout=stack&type=item&tracking_id=a1e4e12f-e357-47d6-815b-2e63e6299fe7,7306900.0,2,
58,Nuevo Macbook Pro 2021 - 16 Pulgadas- 16 Gb Ram / 16 Nucleos,https://http2.mlstatic.com/D_NQ_NP_768777-MCO49532600961_032022-V.jpg,https://articulo.mercadolibre.com.co/MCO-876830782-nuevo-macbook-pro-2021-16-pulgadas-16-gb-ram-16-nucleos-_JM?searchVariation=174362733100#searchVariation=174362733100&position=7&search_layout=stack&type=item&tracking_id=a1e4e12f-e357-47d6-815b-2e63e6299fe7,13949000.0,2,
59,Apple Macbook Pro 2022 13.3 Chip M2 8gb 256gb,https://http2.mlstatic.com/D_NQ_NP_826572-MCO51986827345_102022-V.jpg,https://articulo.mercadolibre.com.co/MCO-996402025-apple-macbook-pro-2022-133-chip-m2-8gb-256gb-_JM?searchVariation=175506052018#searchVariation=175506052018&position=8&search_layout=stack&type=item&tracking_id=a1e4e12f-e357-47d6-815b-2e63e6299fe7,6949900.0,2,
60,Macbook Pro Touchbar 2019 16,https://http2.mlstatic.com/D_NQ_NP_944052-MCO44054426180_112020-V.jpg,https://articulo.mercadolibre.com.co/MCO-612901342-macbook-pro-touchbar-2019-16-_JM?searchVariation=79330769719#searchVariation=79330769719&position=9&search_layout=stack&type=item&tracking_id=a1e4e12f-e357-47d6-815b-2e63e6299fe7,7990000.0,2,
61,Macbook Pro 16 Core I9 - 16gb Ram - 1tb Ssd 2019 - Sellada,https://http2.mlstatic.com/D_NQ_NP_612834-MCO46440562542_062021-V.jpg,https://articulo.mercadolibre.com.co/MCO-636117957-macbook-pro-16-core-i9-16gb-ram-1tb-ssd-2019-sellada-_JM?searchVariation=88050465384#searchVariation=88050465384&position=10&search_layout=stack&type=item&tracking_id=a1e4e12f-e357-47d6-815b-2e63e6299fe7,11890000.0,2,
62,Apple Macbook Pro M1 Max 10 Nucleos 32gb 1tb Ssd 16 120hz,https://http2.mlstatic.com/D_NQ_NP_910823-MCO51429869931_092022-V.jpg,https://articulo.mercadolibre.com.co/MCO-956061055-apple-macbook-pro-m1-max-10-nucleos-32gb-1tb-ssd-16-120hz-_JM?searchVariation=175181827997#searchVariation=175181827997&position=11&search_layout=stack&type=item&tracking_id=a1e4e12f-e357-47d6-815b-2e63e6299fe7,19999999.0,2,
63,Macbook Pro Chip M2 8gb 512 Gb,https://http2.mlstatic.com/D_NQ_NP_763238-MCO51472578855_092022-V.jpg,https://articulo.mercadolibre.com.co/MCO-957862450-macbook-pro-chip-m2-8gb-512-gb-_JM?searchVariation=175208448460#searchVariation=175208448460&position=12&search_layout=stack&type=item&tracking_id=a1e4e12f-e357-47d6-815b-2e63e6299fe7,7700000.0,2,
64,Macbook Pro Touch Bar 13 2019- Core I5- 8gb Ram- 128gb Ssd,https://http2.mlstatic.com/D_NQ_NP_655951-MCO43786745754_102020-V.jpg,https://articulo.mercadolibre.com.co/MCO-589659017-macbook-pro-touch-bar-13-2019-core-i5-8gb-ram-128gb-ssd-_JM?searchVariation=66168926885#searchVariation=66168926885&position=13&search_layout=stack&type=item&tracking_id=a1e4e12f-e357-47d6-815b-2e63e6299fe7,5599000.0,2,
65,Macbook Pro 14.2 Sg M1 8c Cpu 14c Gpu 512gb Spa,https://http2.mlstatic.com/D_NQ_NP_600368-MCO51958114747_102022-V.jpg,https://articulo.mercadolibre.com.co/MCO-991856165-macbook-pro-142-sg-m1-8c-cpu-14c-gpu-512gb-spa-_JM?searchVariation=175485666369#searchVariation=175485666369&position=14&search_layout=stack&type=item&tracking_id=a1e4e12f-e357-47d6-815b-2e63e6299fe7,11000000.0,2,
66,Macbook Pro 13.3  M2 512gb 8gb Teclado Ingles Gris Espacial,https://http2.mlstatic.com/D_NQ_NP_709226-MCO51703514445_092022-V.jpg,https://articulo.mercadolibre.com.co/MCO-971469481-macbook-pro-133-m2-512gb-8gb-teclado-ingles-gris-espacial-_JM?searchVariation=175344221558#searchVariation=175344221558&position=15&search_layout=stack&type=item&tracking_id=a1e4e12f-e357-47d6-815b-2e63e6299fe7,7942900.0,2,
67,"Macbook Pro Retina A2141 Intel Core I7 2.6ghz, Ssd 512gb",https://http2.mlstatic.com/D_NQ_NP_778223-MCO43247965247_082020-V.jpg,https://articulo.mercadolibre.com.co/MCO-578724361-macbook-pro-retina-a2141-intel-core-i7-26ghz-ssd-512gb-_JM#position=16&search_layout=stack&type=item&tracking_id=a1e4e12f-e357-47d6-815b-2e63e6299fe7,12368801.0,2,
68,Macbook Pro 13 Core I7 2.9ghz 8gb Ram Disco 750gb (renovado),https://http2.mlstatic.com/D_NQ_NP_759891-MCO52002470257_102022-V.jpg,https://articulo.mercadolibre.com.co/MCO-998597554-macbook-pro-13-core-i7-29ghz-8gb-ram-disco-750gb-renovado-_JM?searchVariation=175513281017#searchVariation=175513281017&position=17&search_layout=stack&type=item&tracking_id=a1e4e12f-e357-47d6-815b-2e63e6299fe7,1780000.0,2,
69,Macbook Pro 13 Apple M1 Chip - 256gb-8gb Ram 2020 Nuevo ,https://http2.mlstatic.com/D_NQ_NP_871489-MCO50610575519_072022-V.jpg,https://articulo.mercadolibre.com.co/MCO-596100807-macbook-pro-13-apple-m1-chip-256gb-8gb-ram-2020-nuevo-_JM#position=18&search_layout=stack&type=item&tracking_id=a1e4e12f-e357-47d6-815b-2e63e6299fe7,5600000.0,2,
70,Apple Macbook Pro M1 Pro 10 Núcleos 16gb 512gb Ssd 16  120hz,https://http2.mlstatic.com/D_NQ_NP_954156-MCO51428538390_092022-V.jpg,https://articulo.mercadolibre.com.co/MCO-956096471-apple-macbook-pro-m1-pro-10-nucleos-16gb-512gb-ssd-16-120hz-_JM?searchVariation=175181614683#searchVariation=175181614683&position=19&search_layout=stack&type=item&tracking_id=a1e4e12f-e357-47d6-815b-2e63e6299fe7,13999999.0,2,
71,Macbook Pro Retina (mvvj2e/a) - ( Intel Core I7 2.6ghz),https://http2.mlstatic.com/D_NQ_NP_879783-MCO42440734081_072020-V.jpg,https://articulo.mercadolibre.com.co/MCO-568799847-macbook-pro-retina-mvvj2ea-intel-core-i7-26ghz-_JM?searchVariation=59128509997#searchVariation=59128509997&position=20&search_layout=stack&type=item&tracking_id=a1e4e12f-e357-47d6-815b-2e63e6299fe7,13738000.0,2,
72,Macbook Pro M1 14 Apple,https://http2.mlstatic.com/D_NQ_NP_882039-MCO51339053756_082022-V.jpg,https://articulo.mercadolibre.com.co/MCO-952498019-macbook-pro-m1-14-apple-_JM?searchVariation=175143240426#searchVariation=175143240426&position=21&search_layout=stack&type=item&tracking_id=a1e4e12f-e357-47d6-815b-2e63e6299fe7,8600000.0,2,
73,Macbook Pro Retina A2338 Chip M2 Pro Apple Ssd 256gb Ram 8gb,https://http2.mlstatic.com/D_NQ_NP_985491-MCO52264262061_112022-V.jpg,https://articulo.mercadolibre.com.co/MCO-1036919817-macbook-pro-retina-a2338-chip-m2-pro-apple-ssd-256gb-ram-8gb-_JM?searchVariation=175667105703#searchVariation=175667105703&position=22&search_layout=stack&type=item&tracking_id=a1e4e12f-e357-47d6-815b-2e63e6299fe7,7065000.0,2,
74,Macbook Pro Touchbar 13  2020- Core I5- 8gb Ram- 256gb Ssd,https://http2.mlstatic.com/D_NQ_NP_772837-MCO44740810803_012021-V.jpg,https://articulo.mercadolibre.com.co/MCO-570651091-macbook-pro-touchbar-13-2020-core-i5-8gb-ram-256gb-ssd-_JM?searchVariation=74382469443#searchVariation=74382469443&position=23&search_layout=stack&type=item&tracking_id=a1e4e12f-e357-47d6-815b-2e63e6299fe7,6190000.0,2,
75,Macbook Pro 13  2020 Chip M1 8gb Ram 512gb Ssd Nuevo ,https://http2.mlstatic.com/D_NQ_NP_907546-MLA50157672906_062022-V.jpg,https://articulo.mercadolibre.com.co/MCO-905104078-macbook-pro-13-2020-chip-m1-8gb-ram-512gb-ssd-nuevo-_JM?searchVariation=174613434298#searchVariation=174613434298&position=24&search_layout=stack&type=item&tracking_id=a1e4e12f-e357-47d6-815b-2e63e6299fe7,6749000.0,2,
76,Portatil Apple Macbook Pro M1 Pro 16gb 1tb Ssd Gpu 16 Núcleo,https://http2.mlstatic.com/D_NQ_NP_700180-MCO51544615516_092022-V.jpg,https://articulo.mercadolibre.com.co/MCO-961450241-portatil-apple-macbook-pro-m1-pro-16gb-1tb-ssd-gpu-16-nucleo-_JM?searchVariation=175245518096#searchVariation=175245518096&position=25&search_layout=stack&type=item&tracking_id=a1e4e12f-e357-47d6-815b-2e63e6299fe7,14299999.0,2,
77,Macbook Air Retina A2681 Chip M2 Pro Apple Ssd 512gb Ram 8gb,https://http2.mlstatic.com/D_NQ_NP_720924-MCO52264609055_112022-V.jpg,https://articulo.mercadolibre.com.co/MCO-1036919937-macbook-air-retina-a2681-chip-m2-pro-apple-ssd-512gb-ram-8gb-_JM?searchVariation=175667166074#searchVariation=175667166074&position=26&search_layout=stack&type=item&tracking_id=a1e4e12f-e357-47d6-815b-2e63e6299fe7,8216000.0,2,
78,Macbook Air Retina A2681 Chip M2 Pro Ssd 256gb Ram 8gb 13.6,https://http2.mlstatic.com/D_NQ_NP_758830-MCO52263724401_112022-V.jpg,https://articulo.mercadolibre.com.co/MCO-1036949125-macbook-air-retina-a2681-chip-m2-pro-ssd-256gb-ram-8gb-136-_JM?searchVariation=175666812678#searchVariation=175666812678&position=27&search_layout=stack&type=item&tracking_id=a1e4e12f-e357-47d6-815b-2e63e6299fe7,6598000.0,2,
79,Macbook Pro 13 Año 2011 Core I5,https://http2.mlstatic.com/D_NQ_NP_840249-MLA51975543144_102022-V.jpg,https://articulo.mercadolibre.com.co/MCO-994232042-macbook-pro-13-ano-2011-core-i5-_JM?searchVariation=175498468199#searchVariation=175498468199&position=28&search_layout=stack&type=item&tracking_id=a1e4e12f-e357-47d6-815b-2e63e6299fe7,1600000.0,2,
80,"Macbook Pro Retina A2442, M1 Pro Apple Ssd 512gb Ram 16gb",https://http2.mlstatic.com/D_NQ_NP_717999-MCO52264935950_112022-V.jpg,https://articulo.mercadolibre.com.co/MCO-1037000666-macbook-pro-retina-a2442-m1-pro-apple-ssd-512gb-ram-16gb-_JM?searchVariation=175667643856#searchVariation=175667643856&position=29&search_layout=stack&type=item&tracking_id=a1e4e12f-e357-47d6-815b-2e63e6299fe7,10536000.0,2,
81,Apple Macbook Pro 2020 M1 256 Gb De Ssd 8 Gb De Ram Plata,https://http2.mlstatic.com/D_NQ_NP_972708-MLA48625563979_122021-V.jpg,https://articulo.mercadolibre.com.co/MCO-1037142155-apple-macbook-pro-2020-m1-256-gb-de-ssd-8-gb-de-ram-plata-_JM?searchVariation=175669692943#searchVariation=175669692943&position=30&search_layout=stack&type=item&tracking_id=a1e4e12f-e357-47d6-815b-2e63e6299fe7,5655110.0,2,
82,"Macbook Pro Retina A2485, M1 Pro Apple Ssd 512gb Ram 16gb",https://http2.mlstatic.com/D_NQ_NP_756878-MCO52265257516_112022-V.jpg,https://articulo.mercadolibre.com.co/MCO-1036932955-macbook-pro-retina-a2485-m1-pro-apple-ssd-512gb-ram-16gb-_JM?searchVariation=175667803789#searchVariation=175667803789&position=31&search_layout=stack&type=item&tracking_id=a1e4e12f-e357-47d6-815b-2e63e6299fe7,12779000.0,2,
83,Macbook Pro 13 Año 2011 Core I5 Ram 8gb Disco 240gb Ssd,https://http2.mlstatic.com/D_NQ_NP_812880-MLA52048656542_102022-V.jpg,https://articulo.mercadolibre.com.co/MCO-1006444724-macbook-pro-13-ano-2011-core-i5-ram-8gb-disco-240gb-ssd-_JM?searchVariation=175537567848#searchVariation=175537567848&position=32&search_layout=stack&type=item&tracking_id=a1e4e12f-e357-47d6-815b-2e63e6299fe7,1300000.0,2,
84,Macbook Pro Apple M1 Chip 256gb 8gb,https://http2.mlstatic.com/D_NQ_NP_818355-MCO44985062104_022021-V.jpg,https://articulo.mercadolibre.com.co/MCO-608847450-macbook-pro-apple-m1-chip-256gb-8gb-_JM?searchVariation=77864224769#searchVariation=77864224769&position=33&search_layout=stack&type=item&tracking_id=a1e4e12f-e357-47d6-815b-2e63e6299fe7,5799000.0,2,
85,Apple Macbook Pro 13 2020 Apple M1 Chip Ram 16gb 512gb,https://http2.mlstatic.com/D_NQ_NP_917644-MCO44259190932_122020-V.jpg,https://articulo.mercadolibre.com.co/MCO-611478120-apple-macbook-pro-13-2020-apple-m1-chip-ram-16gb-512gb-_JM?searchVariation=78473260553#searchVariation=78473260553&position=34&search_layout=stack&type=item&tracking_id=a1e4e12f-e357-47d6-815b-2e63e6299fe7,9600000.0,2,
86,Macbook Pro 16gb Ram / 240 Ssd / 500gb / Monterrey ,https://http2.mlstatic.com/D_NQ_NP_902583-MCO51080809941_082022-V.jpg,https://articulo.mercadolibre.com.co/MCO-941554457-macbook-pro-16gb-ram-240-ssd-500gb-monterrey-_JM?searchVariation=174999152723#searchVariation=174999152723&position=35&search_layout=stack&type=item&tracking_id=a1e4e12f-e357-47d6-815b-2e63e6299fe7,1800000.0,2,
87,Macbook Pro 13 Mid 2012. I5 500gb 4gb Ram,https://http2.mlstatic.com/D_NQ_NP_777476-MCO50278887775_062022-V.jpg,https://articulo.mercadolibre.com.co/MCO-907405476-macbook-pro-13-mid-2012-i5-500gb-4gb-ram-_JM?searchVariation=174631267212#searchVariation=174631267212&position=36&search_layout=stack&type=item&tracking_id=a1e4e12f-e357-47d6-815b-2e63e6299fe7,1250000.0,2,
88,Macbook Pro 13 2017. ,https://http2.mlstatic.com/D_NQ_NP_698560-MCO42139309595_062020-V.jpg,https://articulo.mercadolibre.com.co/MCO-565769545-macbook-pro-13-2017-_JM?searchVariation=57666746791#searchVariation=57666746791&position=37&search_layout=stack&type=item&tracking_id=a1e4e12f-e357-47d6-815b-2e63e6299fe7,4500000.0,2,
89,Macbook Pro 13 2019 Core I5 8ram 128gb ,https://http2.mlstatic.com/D_NQ_NP_917018-MCO51778953404_092022-V.jpg,https://articulo.mercadolibre.com.co/MCO-976227010-macbook-pro-13-2019-core-i5-8ram-128gb-_JM?searchVariation=175384612380#searchVariation=175384612380&position=38&search_layout=stack&type=item&tracking_id=a1e4e12f-e357-47d6-815b-2e63e6299fe7,4100000.0,2,
90,Portatil Linea De Consumo Usado,https://http2.mlstatic.com/D_NQ_NP_815833-MCO47061950854_082021-V.jpg,https://articulo.mercadolibre.com.co/MCO-654498546-portatil-linea-de-consumo-usado-_JM?searchVariation=93966302557#searchVariation=93966302557&position=39&search_layout=stack&type=item&tracking_id=a1e4e12f-e357-47d6-815b-2e63e6299fe7,2100000.0,2,
91,Macbook Pro 15,https://http2.mlstatic.com/D_NQ_NP_630724-MCO50785945696_072022-V.jpg,https://articulo.mercadolibre.com.co/MCO-927944371-macbook-pro-15-_JM?searchVariation=174845327390#searchVariation=174845327390&position=40&search_layout=stack&type=item&tracking_id=a1e4e12f-e357-47d6-815b-2e63e6299fe7,4500000.0,2,
92,Apple Macbook Pro 13 512gb 8gb Chip M2,https://http2.mlstatic.com/D_NQ_NP_939066-MCO51906588708_102022-V.jpg,https://articulo.mercadolibre.com.co/MCO-986436791-apple-macbook-pro-13-512gb-8gb-chip-m2-_JM?searchVariation=175454171329#searchVariation=175454171329&position=41&search_layout=stack&type=item&tracking_id=a1e4e12f-e357-47d6-815b-2e63e6299fe7,7000000.0,2,
93,Macbook Pro 2019 Touch Bar 256gb 8gb Core I5 13´´ Nuevo Gara,https://http2.mlstatic.com/D_NQ_NP_707885-MCO42326131026_062020-V.jpg,https://articulo.mercadolibre.com.co/MCO-567766232-macbook-pro-2019-touch-bar-256gb-8gb-core-i5-13-nuevo-gara-_JM?searchVariation=58634333650#searchVariation=58634333650&position=42&search_layout=stack&type=item&tracking_id=a1e4e12f-e357-47d6-815b-2e63e6299fe7,5498900.0,2,
94,Macbook Pro 14 Chip M1 Pro 512gb Ssd 16 Gb Ram 2021 Español,https://http2.mlstatic.com/D_NQ_NP_649027-MCO51743204671_092022-V.jpg,https://articulo.mercadolibre.com.co/MCO-973978913-macbook-pro-14-chip-m1-pro-512gb-ssd-16-gb-ram-2021-espanol-_JM?searchVariation=175366043598#searchVariation=175366043598&position=43&search_layout=stack&type=item&tracking_id=a1e4e12f-e357-47d6-815b-2e63e6299fe7,7500000.0,2,
95,Macbook Pro 15 Touch Bar Core I7 3.6ghz 16gb Ram Y 512gb Ssd,https://http2.mlstatic.com/D_NQ_NP_709978-MCO43244315323_082020-V.jpg,https://articulo.mercadolibre.com.co/MCO-612627376-macbook-pro-15-touch-bar-core-i7-36ghz-16gb-ram-y-512gb-ssd-_JM?searchVariation=79142581006#searchVariation=79142581006&position=44&search_layout=stack&type=item&tracking_id=a1e4e12f-e357-47d6-815b-2e63e6299fe7,9000000.0,2,
96,Portatil Hp 245 G7,https://http2.mlstatic.com/D_NQ_NP_669796-MCO47108453874_082021-V.jpg,https://articulo.mercadolibre.com.co/MCO-656371665-portatil-hp-245-g7-_JM?searchVariation=94564123937#searchVariation=94564123937&position=45&search_layout=stack&type=item&tracking_id=a1e4e12f-e357-47d6-815b-2e63e6299fe7,1000000.0,2,
97,"Macbook Pro Restaurada, I5 4ram 500gb Como Nuevo",https://http2.mlstatic.com/D_NQ_NP_957866-MCO47900924934_102021-V.jpg,https://articulo.mercadolibre.com.co/MCO-821660612-macbook-pro-restaurada-i5-4ram-500gb-como-nuevo-_JM?searchVariation=173812105567#searchVariation=173812105567&position=46&search_layout=stack&type=item&tracking_id=a1e4e12f-e357-47d6-815b-2e63e6299fe7,1695000.0,2,
98,"Macbookair(13-inch, 2017)-8gbram-sdd128-hd 6000-700ciclos",https://http2.mlstatic.com/D_NQ_NP_810494-MCO52085565800_102022-V.jpg,https://articulo.mercadolibre.com.co/MCO-1013096559-macbookair13-inch-2017-8gbram-sdd128-hd-6000-700ciclos-_JM?searchVariation=175561532636#searchVariation=175561532636&position=47&search_layout=stack&type=item&tracking_id=a1e4e12f-e357-47d6-815b-2e63e6299fe7,2800000.0,2,
99,Macbook Pro 2019 Touch Bar 256gb 8gb  Nuevo Oferta,https://http2.mlstatic.com/D_NQ_NP_641893-MCO42326085441_062020-V.jpg,https://articulo.mercadolibre.com.co/MCO-567766379-macbook-pro-2019-touch-bar-256gb-8gb-nuevo-oferta-_JM?searchVariation=58634506862#searchVariation=58634506862&position=48&search_layout=stack&type=item&tracking_id=a1e4e12f-e357-47d6-815b-2e63e6299fe7,5498900.0,2,
100,Nuevo Macbook Pro 16 ,https://http2.mlstatic.com/D_NQ_NP_626643-MCO41082330548_032020-V.jpg,https://articulo.mercadolibre.com.co/MCO-555969678-nuevo-macbook-pro-16-_JM?searchVariation=52178183540#searchVariation=52178183540&position=49&search_layout=stack&type=item&tracking_id=a1e4e12f-e357-47d6-815b-2e63e6299fe7,9900000.0,2,
101,Apple Macbook Pro 13 Touch Bar 2020 M1 Chip 8gb 256gb,https://http2.mlstatic.com/D_NQ_NP_933057-MCO44548518975_012021-V.jpg,https://articulo.mercadolibre.com.co/MCO-601251792-apple-macbook-pro-13-touch-bar-2020-m1-chip-8gb-256gb-_JM?searchVariation=72757325145#searchVariation=72757325145&position=50&search_layout=stack&type=item&tracking_id=a1e4e12f-e357-47d6-815b-2e63e6299fe7,6500000.0,2,
102,Macbook Pro M2 2022 8gb Ram 256gb- Applezoneco Tienda Fisica,https://http2.mlstatic.com/D_NQ_NP_876774-MCO51725533391_092022-V.jpg,https://articulo.mercadolibre.com.co/MCO-972804843-macbook-pro-m2-2022-8gb-ram-256gb-applezoneco-tienda-fisica-_JM?searchVariation=175356658809#searchVariation=175356658809&position=51&search_layout=stack&type=item&tracking_id=a1e4e12f-e357-47d6-815b-2e63e6299fe7,6559000.0,2,
103,Macbook Pro 2020 M1 13.3 Inch 251 Gb,https://http2.mlstatic.com/D_NQ_NP_692054-MCO51045927671_082022-V.jpg,https://articulo.mercadolibre.com.co/MCO-940217685-macbook-pro-2020-m1-133-inch-251-gb-_JM?searchVariation=174981237536#searchVariation=174981237536&position=52&search_layout=stack&type=item&tracking_id=a1e4e12f-e357-47d6-815b-2e63e6299fe7,6000000.0,2,
104,Nuevo Macbook Pro 2021 - 14 Pulgadas 16 Gb Ram 1tb,https://http2.mlstatic.com/D_NQ_NP_890708-MCO49565668590_042022-V.jpg,https://click1.mercadolibre.com.co/mclics/clicks/external/MCO/count?a=n0sghj2nFwIsdzhEGpZGIGy98eNjrYVPtt7IJbetEJMEtTmuSIA8muqZvZT3TE78Z7n8cxCDTB4PIvV%2FsLXWS6l6AhoM3oLygRtUwyV9iuD5pqj6B5asoPNErGkr71UJqULuNfn7FT0B6Gks6U8BhTn1qs6BjBwkHF1KxHOS9sObfvlSFiYPhaJt5dA3NHnA6PfG9QUmJNSL51N02zCHqYdzNOGereKUPZFpmd6fuS3JwPtRTNBiNfeYUfHeghTWN2UNPMNAxfvvFkLaYAtIkuJcRv%2BNbGvfiJ9eeNBLEsWMLiMlgS12qMkkAwn%2BVGKO9GzQw4FW1UMBWZG0Fr76PUZz7BaffoFInl0CLBydS3Ruo3RxdYoAnH0bwSrcM1stOwhSLo0iqvxRwypXpemy1Q6ny7rJPGuKEIuN1R9t9cZeR6ZuQNx0Eoh3PX0Fc%2BOJvRcVM0Pjju1kfwzkqTaqTZgSQHJDOt4TsRhOVwBlMU2isRbydiJm%2FilZTJvFQFbMrST1xP%2B4C6gFMuKjQzMi5Bd3g%2F%2FUiSEIsfA7GJkKDL4oXneRlNushdeeAy2GaXaWv8rbvm8%2F46fxHCf2fR3SlFV8ky3Tq4%2FXQo%2FJE1rDl7KonTv5a%2FTLi0ZQ3mObRN8KyDpYxaEHZG%2B2SniSlEUXubGMmNvuMw3K2Ylofhe8wX26a1wKWm2AYrdN5Q%3D%3D&rb=x,13069000.0,3,
105,Nuevo Macbook Pro 2021 - 16 Pulgadas- 16 Gb Ram / 16 Nucleos,https://http2.mlstatic.com/D_NQ_NP_768777-MCO49532600961_032022-V.jpg,https://click1.mercadolibre.com.co/mclics/clicks/external/MCO/count?a=LZpJpe1n8uW%2F6fqtZVbfhI4Qx42XOaaTzd14b6P5v56GVSDklt9HjYUI9bMPf8zqHrxxU29UnNIZ92sUGkO%2FhbCmMhtkEORKIlTUS6izEyoyFUUw9rWWsy%2Fb%2BT2Cc2oAPG8wJ5Dujq4EMhnay8Cpez%2Bp3Qy2jG%2Bkk9USwo3iPLgThS9b50njq2HWW8XpVIkupJVdBsdZsIT9PUijjAbxIncS60cjbKQlYaFzQpt0LZ20xqDE%2BGPY2aY5vsc54xc4veqzRrpikONJNkuu9V86X%2BZOzkoITPDYgQGQtfSZ%2F3%2Fe3wIRwBjuIva0K%2B%2BDDVZByrB1JPBZyPSwDngwk7EGDL745qNfqTlIcKX8uzhGTKUEbW12BZws3JCf9%2B4YgxJNWNuytq0l6sgXpi1tckuuig4%2Bkf1bvVZwFddGHkBIe%2FpZ%2F%2BTd4p1y9DVdk8nYkyW3aXm%2BVdm7852ktttAKddB29XF9Z%2FHqbBbpFLMWFvL3TRjb9HXPlWjeyseMoSfXlEC%2Bz%2FZoVnEOanyykDncyIf%2BD5iI1JcJzqg6G8AO7OpVLR8ZsydPzB1G3kfj%2FKb%2F0ji929nt0tSmBIHWIjEPLBj6Jw7mIL5A3nRzY9fxH6SKd%2BxaCtAah0VkGqJGGQ4r8lRaDOhUfPBpDnj6nkmeFnecWaKkxvGL%2FTblMCBtumzwk8cAFYSSppjrqnI%2B3EBTZydtic%3D&rb=x,13949000.0,3,
106,Macbook Pro M1 Chip 512gb Spacegray,https://http2.mlstatic.com/D_NQ_NP_687900-MCO44985171189_022021-V.jpg,https://articulo.mercadolibre.com.co/MCO-608847938-macbook-pro-m1-chip-512gb-spacegray-_JM#position=3&search_layout=stack&type=item&tracking_id=2c41cf54-97a4-4a1c-a0b2-4f9932bbec50,6899000.0,3,
107,Macbook Pro  Touch Bar 2020 256gb 8gb Ram I5 Nuevos Sellados,https://http2.mlstatic.com/D_NQ_NP_982444-MCO42378936363_062020-V.jpg,https://articulo.mercadolibre.com.co/MCO-568325807-macbook-pro-touch-bar-2020-256gb-8gb-ram-i5-nuevos-sellados-_JM?searchVariation=58872127287#searchVariation=58872127287&position=4&search_layout=stack&type=item&tracking_id=2c41cf54-97a4-4a1c-a0b2-4f9932bbec50,6189900.0,3,
108,Macbook Pro Corei9 16gb Ram 1tb Ssd Nueva 16pulgadas 2019 ,https://http2.mlstatic.com/D_NQ_NP_653895-MCO43427683328_092020-V.jpg,https://articulo.mercadolibre.com.co/MCO-581928110-macbook-pro-corei9-16gb-ram-1tb-ssd-nueva-16pulgadas-2019-_JM?searchVariation=64339981143#searchVariation=64339981143&position=5&search_layout=stack&type=item&tracking_id=2c41cf54-97a4-4a1c-a0b2-4f9932bbec50,12222222.0,3,
109,Excelente Agenda Libro Mes Índice Mini Notebook 365,https://http2.mlstatic.com/D_NQ_NP_775725-CBT51432960944_092022-V.jpg,https://articulo.mercadolibre.com.co/MCO-955964427-excelente-agenda-libro-mes-indice-mini-notebook-365-_JM?searchVariation=175181148351#searchVariation=175181148351&position=6&search_layout=stack&type=item&tracking_id=2c41cf54-97a4-4a1c-a0b2-4f9932bbec50,116291.0,3,
110,Macbook Pro 13 2020 Pantalla Retina Core I5 2.0ghz,https://http2.mlstatic.com/D_NQ_NP_888328-MCO43803995401_102020-V.jpg,https://articulo.mercadolibre.com.co/MCO-590157140-macbook-pro-13-2020-pantalla-retina-core-i5-20ghz-_JM?searchVariation=66700831164#searchVariation=66700831164&position=7&search_layout=stack&type=item&tracking_id=2c41cf54-97a4-4a1c-a0b2-4f9932bbec50,7900000.0,3,
111,Apple Macbook Pro 2020 13 Chip Apple M1 8gb 256gb Ssd Retina,https://http2.mlstatic.com/D_NQ_NP_608301-MCO46793955185_072021-V.jpg,https://articulo.mercadolibre.com.co/MCO-647969224-apple-macbook-pro-2020-13-chip-apple-m1-8gb-256gb-ssd-retina-_JM?searchVariation=91520891264#searchVariation=91520891264&position=8&search_layout=stack&type=item&tracking_id=2c41cf54-97a4-4a1c-a0b2-4f9932bbec50,6200000.0,3,
112,Macbook Pro Touch Bar 256gb 8gb Ram I5 Nuevos Mod 2020 Space,https://http2.mlstatic.com/D_NQ_NP_982444-MCO42378936363_062020-V.jpg,https://articulo.mercadolibre.com.co/MCO-568325859-macbook-pro-touch-bar-256gb-8gb-ram-i5-nuevos-mod-2020-space-_JM?searchVariation=58872154594#searchVariation=58872154594&position=9&search_layout=stack&type=item&tracking_id=2c41cf54-97a4-4a1c-a0b2-4f9932bbec50,6189900.0,3,
113,Macbook Pro Retina,https://http2.mlstatic.com/D_NQ_NP_716372-MCO26130577593_102017-V.jpg,https://articulo.mercadolibre.com.co/MCO-457427757-macbook-pro-retina-_JM#position=10&search_layout=stack&type=item&tracking_id=2c41cf54-97a4-4a1c-a0b2-4f9932bbec50,3500000.0,3,
114,Macbook Pro 14' M1 Pro - 16 Gb - 512 Gb Ssd - Nuevo Modelo!,https://http2.mlstatic.com/D_NQ_NP_960405-MCO48637687232_122021-V.jpg,https://articulo.mercadolibre.com.co/MCO-844080920-macbook-pro-14-m1-pro-16-gb-512-gb-ssd-nuevo-modelo-_JM?searchVariation=174030202405#searchVariation=174030202405&position=11&search_layout=stack&type=item&tracking_id=2c41cf54-97a4-4a1c-a0b2-4f9932bbec50,12500000.0,3,
115,Apple Macbook Pro 13 2020 Con Apple M1 Chip Ram 16gb 256gb ,https://http2.mlstatic.com/D_NQ_NP_917644-MCO44259190932_122020-V.jpg,https://articulo.mercadolibre.com.co/MCO-611479119-apple-macbook-pro-13-2020-con-apple-m1-chip-ram-16gb-256gb-_JM?searchVariation=78475731765#searchVariation=78475731765&position=12&search_layout=stack&type=item&tracking_id=2c41cf54-97a4-4a1c-a0b2-4f9932bbec50,8999999.0,3,
116,Apple Macbook Pro 13 2020 Procesador Apple M1 Ram 8gb 512gb ,https://http2.mlstatic.com/D_NQ_NP_687716-MCO44259187960_122020-V.jpg,https://articulo.mercadolibre.com.co/MCO-600425144-apple-macbook-pro-13-2020-procesador-apple-m1-ram-8gb-512gb-_JM?searchVariation=72381795152#searchVariation=72381795152&position=13&search_layout=stack&type=item&tracking_id=2c41cf54-97a4-4a1c-a0b2-4f9932bbec50,7799999.0,3,
117,Apple Macbook Pro 13 2020 Apple M1 Chip Ram 16gb 1tb,https://http2.mlstatic.com/D_NQ_NP_687716-MCO44259187960_122020-V.jpg,https://articulo.mercadolibre.com.co/MCO-611480207-apple-macbook-pro-13-2020-apple-m1-chip-ram-16gb-1tb-_JM?searchVariation=78476958521#searchVariation=78476958521&position=14&search_layout=stack&type=item&tracking_id=2c41cf54-97a4-4a1c-a0b2-4f9932bbec50,11000000.0,3,
118,Macbook Pro 13 Retina Caso Papyhall Glitter Bling Cristal Di,https://http2.mlstatic.com/D_NQ_NP_612639-MCO48902713354_012022-V.jpg,https://articulo.mercadolibre.com.co/MCO-852132563-macbook-pro-13-retina-caso-papyhall-glitter-bling-cristal-di-_JM#position=15&search_layout=stack&type=item&tracking_id=2c41cf54-97a4-4a1c-a0b2-4f9932bbec50,171903.0,3,
119,"Kayond Bohemian Canvas 14 Pulgadas, Resistente Al Agua, Fund",https://http2.mlstatic.com/D_NQ_NP_709184-MCO30783603810_052019-V.jpg,https://articulo.mercadolibre.com.co/MCO-514886564-kayond-bohemian-canvas-14-pulgadas-resistente-al-agua-fund-_JM#position=16&search_layout=stack&type=item&tracking_id=2c41cf54-97a4-4a1c-a0b2-4f9932bbec50,185900.0,3,
120,Skyzonal Aluminio Portátil Soporte De Escritorio Altura Ajus,https://http2.mlstatic.com/D_NQ_NP_656498-MCO31005213844_062019-V.jpg,https://articulo.mercadolibre.com.co/MCO-465011437-skyzonal-aluminio-portatil-soporte-de-escritorio-altura-ajus-_JM#position=17&search_layout=stack&type=item&tracking_id=2c41cf54-97a4-4a1c-a0b2-4f9932bbec50,517900.0,3,
121,"Lention Usb-c Hub Con Tipo C, Puertos Usb 3.0 Y Lector De Ta",https://http2.mlstatic.com/D_NQ_NP_664566-MCO31111538040_062019-V.jpg,https://articulo.mercadolibre.com.co/MCO-471772938-lention-usb-c-hub-con-tipo-c-puertos-usb-30-y-lector-de-ta-_JM#position=18&search_layout=stack&type=item&tracking_id=2c41cf54-97a4-4a1c-a0b2-4f9932bbec50,200900.0,3,
122,Humancentric Soporte Para Laptop Vertical Para Escritorios (,https://http2.mlstatic.com/D_NQ_NP_883475-MCO33004871720_112019-V.jpg,https://articulo.mercadolibre.com.co/MCO-543481903-humancentric-soporte-para-laptop-vertical-para-escritorios--_JM#position=19&search_layout=stack&type=item&tracking_id=2c41cf54-97a4-4a1c-a0b2-4f9932bbec50,336000.0,3,
123,Freebiz Laptop Bag Business Briefcase Mochila Convertible Me,https://http2.mlstatic.com/D_NQ_NP_680946-MCO32117159213_092019-V.jpg,https://articulo.mercadolibre.com.co/MCO-533024217-freebiz-laptop-bag-business-briefcase-mochila-convertible-me-_JM#position=20&search_layout=stack&type=item&tracking_id=2c41cf54-97a4-4a1c-a0b2-4f9932bbec50,467000.0,3,
124,Apple Macbook Pro 14 2021 Chip M1 Pro 16gb 512gb Español,https://http2.mlstatic.com/D_NQ_NP_893057-MCO48056307661_102021-V.jpg,https://articulo.mercadolibre.com.co/MCO-826207240-apple-macbook-pro-14-2021-chip-m1-pro-16gb-512gb-espanol-_JM?searchVariation=173856718605#searchVariation=173856718605&position=21&search_layout=stack&type=item&tracking_id=2c41cf54-97a4-4a1c-a0b2-4f9932bbec50,11999000.0,3,
125,"Apple Macbook Pro 16 Pulgadas, Chip M1 Pro , 16 Gb,  512ssd ",https://http2.mlstatic.com/D_NQ_NP_678730-MCO48637731509_122021-V.jpg,https://articulo.mercadolibre.com.co/MCO-844055816-apple-macbook-pro-16-pulgadas-chip-m1-pro-16-gb-512ssd-_JM?searchVariation=174030114817#searchVariation=174030114817&position=22&search_layout=stack&type=item&tracking_id=2c41cf54-97a4-4a1c-a0b2-4f9932bbec50,13800000.0,3,
126,Soporte Para Computadora Portátil Plegable De Aluminio Amazo,https://http2.mlstatic.com/D_NQ_NP_716514-MCO32059527621_092019-V.jpg,https://articulo.mercadolibre.com.co/MCO-532712608-soporte-para-computadora-portatil-plegable-de-aluminio-amazo-_JM#position=23&search_layout=stack&type=item&tracking_id=2c41cf54-97a4-4a1c-a0b2-4f9932bbec50,213000.0,3,
127,Humancentric Soporte Para Laptop Vertical Para Escritorios (,https://http2.mlstatic.com/D_NQ_NP_987889-MCO44056985044_112020-V.jpg,https://articulo.mercadolibre.com.co/MCO-528629203-humancentric-soporte-para-laptop-vertical-para-escritorios--_JM#position=24&search_layout=stack&type=item&tracking_id=2c41cf54-97a4-4a1c-a0b2-4f9932bbec50,339000.0,3,
128,"Phoozy Macbook De 13 Pulgadas, Resistente Caja Del Ordenador",https://http2.mlstatic.com/D_NQ_NP_690630-MCO44047311948_112020-V.jpg,https://articulo.mercadolibre.com.co/MCO-537312844-phoozy-macbook-de-13-pulgadas-resistente-caja-del-ordenador-_JM#position=25&search_layout=stack&type=item&tracking_id=2c41cf54-97a4-4a1c-a0b2-4f9932bbec50,605000.0,3,
129,Smatree Laptop Carry Funda Para Compatible For 2019 2018 201,https://http2.mlstatic.com/D_NQ_NP_893963-MCO44059105265_112020-V.jpg,https://articulo.mercadolibre.com.co/MCO-533235077-smatree-laptop-carry-funda-para-compatible-for-2019-2018-201-_JM#position=26&search_layout=stack&type=item&tracking_id=2c41cf54-97a4-4a1c-a0b2-4f9932bbec50,740000.0,3,
130,Sticker Original Intel Core I7 Dentro De La Etiqueta Engomad,https://http2.mlstatic.com/D_NQ_NP_739126-MCO41599016531_042020-V.jpg,https://articulo.mercadolibre.com.co/MCO-537327121-sticker-original-intel-core-i7-dentro-de-la-etiqueta-engomad-_JM#position=27&search_layout=stack&type=item&tracking_id=2c41cf54-97a4-4a1c-a0b2-4f9932bbec50,135000.0,3,
131,Computador Portatil Apple Macbook Pro Core I9 16gb 1tb 16-in,https://http2.mlstatic.com/D_NQ_NP_964733-MCO45455154143_042021-V.jpg,https://articulo.mercadolibre.com.co/MCO-615099765-computador-portatil-apple-macbook-pro-core-i9-16gb-1tb-16-in-_JM#position=28&search_layout=stack&type=item&tracking_id=2c41cf54-97a4-4a1c-a0b2-4f9932bbec50,19868900.0,3,
132,512 gb Ssd Kit De Repuesto Para Apple Macbook Pro Re,https://http2.mlstatic.com/D_NQ_NP_611628-MLA49841702201_052022-V.jpg,https://articulo.mercadolibre.com.co/MCO-881811986-512gb-ssd-kit-de-repuesto-para-apple-macbook-pro-re-_JM#position=29&search_layout=stack&type=item&tracking_id=2c41cf54-97a4-4a1c-a0b2-4f9932bbec50,939990.0,3,
133,Macbook Pro 13,https://http2.mlstatic.com/D_NQ_NP_930970-MCO44965268650_022021-V.jpg,https://articulo.mercadolibre.com.co/MCO-608646899-macbook-pro-13-_JM#position=30&search_layout=stack&type=item&tracking_id=2c41cf54-97a4-4a1c-a0b2-4f9932bbec50,5600000.0,3,
134,Mightyskins Piel Compatible Chromebook Acer 15 15.6 (201,https://http2.mlstatic.com/D_NQ_NP_609741-MCO42712041799_072020-V.jpg,https://articulo.mercadolibre.com.co/MCO-614333389-mightyskins-piel-compatible-chromebook-acer-15-156-201-_JM#position=31&search_layout=stack&type=item&tracking_id=2c41cf54-97a4-4a1c-a0b2-4f9932bbec50,163711.0,3,
135,"Apple Macbook Pro 2016 13 8gb I5 3,3ghz Iris 550 Ssd 256gb",https://http2.mlstatic.com/D_NQ_NP_782072-MCO44736945139_012021-V.jpg,https://articulo.mercadolibre.com.co/MCO-455290521-apple-macbook-pro-2016-13-8gb-i5-33ghz-iris-550-ssd-256gb-_JM?searchVariation=74357376248#searchVariation=74357376248&position=32&search_layout=stack&type=item&tracking_id=2c41cf54-97a4-4a1c-a0b2-4f9932bbec50,14999000.0,3,
136,Apple Macbook Pro 13  Touch Bar 2020 M1 Chip 16gb 256gb ,https://http2.mlstatic.com/D_NQ_NP_616796-MCO44189456875_112020-V.jpg,https://articulo.mercadolibre.com.co/MCO-604320875-apple-macbook-pro-13-touch-bar-2020-m1-chip-16gb-256gb-_JM?searchVariation=74250532040#searchVariation=74250532040&position=33&search_layout=stack&type=item&tracking_id=2c41cf54-97a4-4a1c-a0b2-4f9932bbec50,8290000.0,3,
137,Computador Portatil Apple Macbook Pro Chip M1 8gb 256gb 13in,https://http2.mlstatic.com/D_NQ_NP_743461-MCO45453275577_042021-V.jpg,https://articulo.mercadolibre.com.co/MCO-615021777-computador-portatil-apple-macbook-pro-chip-m1-8gb-256gb-13in-_JM#position=34&search_layout=stack&type=item&tracking_id=2c41cf54-97a4-4a1c-a0b2-4f9932bbec50,9208900.0,3,
138,Computador Portatil Apple Macbook Pro Core I5 16gb 512 Gb 13,https://http2.mlstatic.com/D_NQ_NP_857199-MCO45639341324_042021-V.jpg,https://articulo.mercadolibre.com.co/MCO-617821556-computador-portatil-apple-macbook-pro-core-i5-16gb-512-gb-13-_JM#position=35&search_layout=stack&type=item&tracking_id=2c41cf54-97a4-4a1c-a0b2-4f9932bbec50,11052900.0,3,
139,Macbook Pro 2021 14.2 32 Gb 512gb M1 Pro 8 Core 14 Core Gpu ,https://http2.mlstatic.com/D_NQ_NP_889928-MCO49010886044_022022-V.jpg,https://articulo.mercadolibre.com.co/MCO-855217796-macbook-pro-2021-142-32-gb-512gb-m1-pro-8-core-14-core-gpu-_JM?searchVariation=174161553032#searchVariation=174161553032&position=36&search_layout=stack&type=item&tracking_id=2c41cf54-97a4-4a1c-a0b2-4f9932bbec50,15690000.0,3,
140,Macbook Pro 2021 14 M1 Pro 8-core 14-core Gpu 16gb 512gb,https://http2.mlstatic.com/D_NQ_NP_910609-MCO49224170744_022022-V.jpg,https://articulo.mercadolibre.com.co/MCO-864671765-macbook-pro-2021-14-m1-pro-8-core-14-core-gpu-16gb-512gb-_JM?searchVariation=174251905511#searchVariation=174251905511&position=37&search_layout=stack&type=item&tracking_id=2c41cf54-97a4-4a1c-a0b2-4f9932bbec50,11600000.0,3,
141,Macbook Pro 2021 14 M1 Pro 8-core 14-core Gpu 16gb 1tb,https://http2.mlstatic.com/D_NQ_NP_910609-MCO49224170744_022022-V.jpg,https://articulo.mercadolibre.com.co/MCO-864710557-macbook-pro-2021-14-m1-pro-8-core-14-core-gpu-16gb-1tb-_JM?searchVariation=174251899489#searchVariation=174251899489&position=38&search_layout=stack&type=item&tracking_id=2c41cf54-97a4-4a1c-a0b2-4f9932bbec50,12750000.0,3,
142,Macbook Pro 13 Apple M1 Chip - 256gb-16gb Ram Nov 2020,https://http2.mlstatic.com/D_NQ_NP_799533-MCO44156360648_112020-V.jpg,https://articulo.mercadolibre.com.co/MCO-595765247-macbook-pro-13-apple-m1-chip-256gb-16gb-ram-nov-2020-_JM?searchVariation=69064095189#searchVariation=69064095189&position=39&search_layout=stack&type=item&tracking_id=2c41cf54-97a4-4a1c-a0b2-4f9932bbec50,9800000.0,3,
143,Pro 2016/2017/2018/2019 Cubierta Caja Del Ordenador Portátil,https://http2.mlstatic.com/D_NQ_NP_818490-MCO32703976577_102019-V.jpg,https://articulo.mercadolibre.com.co/MCO-539756502-pro-2016201720182019-cubierta-caja-del-ordenador-portatil-_JM#position=40&search_layout=stack&type=item&tracking_id=2c41cf54-97a4-4a1c-a0b2-4f9932bbec50,206000.0,3,
144,Apple Macbook Pro 13  Touch Bar 2020 M1 Chip 16gb 512gb ,https://http2.mlstatic.com/D_NQ_NP_616796-MCO44189456875_112020-V.jpg,https://articulo.mercadolibre.com.co/MCO-610828243-apple-macbook-pro-13-touch-bar-2020-m1-chip-16gb-512gb-_JM?searchVariation=78080555545#searchVariation=78080555545&position=41&search_layout=stack&type=item&tracking_id=2c41cf54-97a4-4a1c-a0b2-4f9932bbec50,8690000.0,3,
145,Macbook Pro 2021 14.2 32 Gb 1tb M1 Pro 8 Core 14 Core Gpu ,https://http2.mlstatic.com/D_NQ_NP_889928-MCO49010886044_022022-V.jpg,https://articulo.mercadolibre.com.co/MCO-855256189-macbook-pro-2021-142-32-gb-1tb-m1-pro-8-core-14-core-gpu-_JM?searchVariation=174161584580#searchVariation=174161584580&position=42&search_layout=stack&type=item&tracking_id=2c41cf54-97a4-4a1c-a0b2-4f9932bbec50,17390000.0,3,
146,Macbook Pro 16 Chip M1 Max 10 Core 32 Core Gpu 32 Gb Ram 1tb,https://http2.mlstatic.com/D_NQ_NP_946171-MCO49325159841_032022-V.jpg,https://articulo.mercadolibre.com.co/MCO-896587163-macbook-pro-16-chip-m1-max-10-core-32-core-gpu-32-gb-ram-1tb-_JM?searchVariation=174536281301#searchVariation=174536281301&position=43&search_layout=stack&type=item&tracking_id=2c41cf54-97a4-4a1c-a0b2-4f9932bbec50,23490000.0,3,
147,"Apple Macbook Pro 2021 14,2 M1 Max 10 Core 32-cpu 64gb 8tb",https://http2.mlstatic.com/D_NQ_NP_802436-MCO49168617252_022022-V.jpg,https://articulo.mercadolibre.com.co/MCO-862337467-apple-macbook-pro-2021-142-m1-max-10-core-32-cpu-64gb-8tb-_JM?searchVariation=174224311379#searchVariation=174224311379&position=44&search_layout=stack&type=item&tracking_id=2c41cf54-97a4-4a1c-a0b2-4f9932bbec50,61999000.0,3,
148,"Apple Macbook Pro 2021 14,2 M1 Max 10 Core 32-cpu 64gb 2tb",https://http2.mlstatic.com/D_NQ_NP_974707-MCO49138867261_022022-V.jpg,https://articulo.mercadolibre.com.co/MCO-861216466-apple-macbook-pro-2021-142-m1-max-10-core-32-cpu-64gb-2tb-_JM?searchVariation=174211111769#searchVariation=174211111769&position=45&search_layout=stack&type=item&tracking_id=2c41cf54-97a4-4a1c-a0b2-4f9932bbec50,42999000.0,3,
149,Papyhall Caja Del Ordenador Portátil De Impresión A Color De,https://http2.mlstatic.com/D_NQ_NP_970283-MCO32691963274_102019-V.jpg,https://articulo.mercadolibre.com.co/MCO-539596440-papyhall-caja-del-ordenador-portatil-de-impresion-a-color-de-_JM#position=46&search_layout=stack&type=item&tracking_id=2c41cf54-97a4-4a1c-a0b2-4f9932bbec50,250000.0,3,
150,"Apple Macbook Pro 2021 16,2 M1 Pro 10 Core 16-cpu 16gb 512gb",https://http2.mlstatic.com/D_NQ_NP_675664-MCO48959881824_012022-V.jpg,https://articulo.mercadolibre.com.co/MCO-853890705-apple-macbook-pro-2021-162-m1-pro-10-core-16-cpu-16gb-512gb-_JM?searchVariation=174141052261#searchVariation=174141052261&position=47&search_layout=stack&type=item&tracking_id=2c41cf54-97a4-4a1c-a0b2-4f9932bbec50,15699000.0,3,
151,"Apple Macbook Pro 2021 14,2 M1 Max 10 Core 32-cpu 32gb 1tb",https://http2.mlstatic.com/D_NQ_NP_778344-MCO49126627798_022022-V.jpg,https://articulo.mercadolibre.com.co/MCO-860692378-apple-macbook-pro-2021-142-m1-max-10-core-32-cpu-32gb-1tb-_JM?searchVariation=174207440084#searchVariation=174207440084&position=48&search_layout=stack&type=item&tracking_id=2c41cf54-97a4-4a1c-a0b2-4f9932bbec50,22599000.0,3,
152,"Apple Macbook Pro 2021 16,2 M1 Pro 10 Core 16-cpu 16gb 2tb",https://http2.mlstatic.com/D_NQ_NP_632445-MCO48965041823_012022-V.jpg,https://articulo.mercadolibre.com.co/MCO-853997925-apple-macbook-pro-2021-162-m1-pro-10-core-16-cpu-16gb-2tb-_JM?searchVariation=174141812293#searchVariation=174141812293&position=49&search_layout=stack&type=item&tracking_id=2c41cf54-97a4-4a1c-a0b2-4f9932bbec50,21999000.0,3,
153,"Apple Macbook Pro 2021 14,2 M1 Max 10 Core 24-cpu 32gb 2tb",https://http2.mlstatic.com/D_NQ_NP_672705-MCO49127270650_022022-V.jpg,https://articulo.mercadolibre.com.co/MCO-860705796-apple-macbook-pro-2021-142-m1-max-10-core-24-cpu-32gb-2tb-_JM?searchVariation=174207699433#searchVariation=174207699433&position=50&search_layout=stack&type=item&tracking_id=2c41cf54-97a4-4a1c-a0b2-4f9932bbec50,36999000.0,3,
154,"Apple Macbook Pro 2021 16,2 M1 Pro 10 Core 16-cpu 16gb 1tb",https://http2.mlstatic.com/D_NQ_NP_937922-MCO48965046431_012022-V.jpg,https://articulo.mercadolibre.com.co/MCO-854129415-apple-macbook-pro-2021-162-m1-pro-10-core-16-cpu-16gb-1tb-_JM?searchVariation=174141960215#searchVariation=174141960215&position=51&search_layout=stack&type=item&tracking_id=2c41cf54-97a4-4a1c-a0b2-4f9932bbec50,16999000.0,3,
155,"Apple Macbook Pro 2021 14,2 M1 Pro 10 Core 16-cpu 32gb 1tb",https://http2.mlstatic.com/D_NQ_NP_910740-MCO49126491841_022022-V.jpg,https://articulo.mercadolibre.com.co/MCO-860710920-apple-macbook-pro-2021-142-m1-pro-10-core-16-cpu-32gb-1tb-_JM?searchVariation=174207237876#searchVariation=174207237876&position=52&search_layout=stack&type=item&tracking_id=2c41cf54-97a4-4a1c-a0b2-4f9932bbec50,28999000.0,3,
